Date(UTC),UnixTimeStamp,Value
2015-07-30,1438214400,8893
2015-07-31,1438300800,0
2015-08-01,1438387200,0
2015-08-02,1438473600,0
2015-08-03,1438560000,0
2015-08-04,1438646400,0
2015-08-05,1438732800,0
2015-08-06,1438819200,0
2015-08-07,1438905600,2050
2015-08-08,1438992000,2881
2015-08-09,1439078400,1329
2015-08-10,1439164800,2037
2015-08-11,1439251200,4963
2015-08-12,1439337600,2036
2015-08-13,1439424000,2842
2015-08-14,1439510400,3174
2015-08-15,1439596800,2284
2015-08-16,1439683200,2440
2015-08-17,1439769600,2512
2015-08-18,1439856000,2494
2015-08-19,1439942400,3246
2015-08-20,1440028800,2303
2015-08-21,1440115200,3919
2015-08-22,1440201600,3579
2015-08-23,1440288000,4190
2015-08-24,1440374400,4432
2015-08-25,1440460800,4487
2015-08-26,1440547200,4156
2015-08-27,1440633600,5590
2015-08-28,1440720000,4758
2015-08-29,1440806400,4139
2015-08-30,1440892800,4572
2015-08-31,1440979200,5196
2015-09-01,1441065600,5153
2015-09-02,1441152000,5195
2015-09-03,1441238400,4777
2015-09-04,1441324800,5642
2015-09-05,1441411200,5519
2015-09-06,1441497600,5521
2015-09-07,1441584000,5702
2015-09-08,1441670400,5622
2015-09-09,1441756800,5604
2015-09-10,1441843200,5341
2015-09-11,1441929600,6460
2015-09-12,1442016000,5596
2015-09-13,1442102400,6057
2015-09-14,1442188800,5572
2015-09-15,1442275200,5409
2015-09-16,1442361600,5872
2015-09-17,1442448000,5368
2015-09-18,1442534400,5802
2015-09-19,1442620800,5205
2015-09-20,1442707200,6402
2015-09-21,1442793600,6305
2015-09-22,1442880000,6804
2015-09-23,1442966400,7404
2015-09-24,1443052800,6224
2015-09-25,1443139200,5851
2015-09-26,1443225600,5907
2015-09-27,1443312000,5760
2015-09-28,1443398400,6123
2015-09-29,1443484800,5738
2015-09-30,1443571200,5870
2015-10-01,1443657600,6421
2015-10-02,1443744000,6063
2015-10-03,1443830400,6112
2015-10-04,1443916800,6624
2015-10-05,1444003200,6279
2015-10-06,1444089600,6458
2015-10-07,1444176000,7121
2015-10-08,1444262400,6926
2015-10-09,1444348800,6763
2015-10-10,1444435200,6529
2015-10-11,1444521600,6023
2015-10-12,1444608000,6593
2015-10-13,1444694400,6818
2015-10-14,1444780800,6830
2015-10-15,1444867200,6499
2015-10-16,1444953600,6795
2015-10-17,1445040000,6567
2015-10-18,1445126400,6481
2015-10-19,1445212800,6604
2015-10-20,1445299200,5897
2015-10-21,1445385600,6182
2015-10-22,1445472000,5979
2015-10-23,1445558400,6888
2015-10-24,1445644800,6361
2015-10-25,1445731200,5830
2015-10-26,1445817600,5938
2015-10-27,1445904000,6784
2015-10-28,1445990400,7346
2015-10-29,1446076800,7836
2015-10-30,1446163200,7941
2015-10-31,1446249600,7557
2015-11-01,1446336000,6915
2015-11-02,1446422400,6558
2015-11-03,1446508800,7399
2015-11-04,1446595200,7037
2015-11-05,1446681600,7498
2015-11-06,1446768000,7882
2015-11-07,1446854400,10996
2015-11-08,1446940800,12413
2015-11-09,1447027200,7689
2015-11-10,1447113600,8151
2015-11-11,1447200000,10217
2015-11-12,1447286400,9534
2015-11-13,1447372800,7891
2015-11-14,1447459200,7211
2015-11-15,1447545600,7170
2015-11-16,1447632000,7442
2015-11-17,1447718400,7145
2015-11-18,1447804800,7373
2015-11-19,1447891200,8876
2015-11-20,1447977600,6348
2015-11-21,1448064000,6822
2015-11-22,1448150400,7083
2015-11-23,1448236800,8260
2015-11-24,1448323200,7152
2015-11-25,1448409600,7098
2015-11-26,1448496000,7278
2015-11-27,1448582400,6639
2015-11-28,1448668800,6817
2015-11-29,1448755200,6853
2015-11-30,1448841600,8986
2015-12-01,1448928000,6794
2015-12-02,1449014400,6502
2015-12-03,1449100800,6971
2015-12-04,1449187200,6898
2015-12-05,1449273600,6784
2015-12-06,1449360000,9103
2015-12-07,1449446400,7141
2015-12-08,1449532800,6697
2015-12-09,1449619200,7001
2015-12-10,1449705600,7444
2015-12-11,1449792000,8105
2015-12-12,1449878400,8205
2015-12-13,1449964800,7426
2015-12-14,1450051200,15550
2015-12-15,1450137600,21098
2015-12-16,1450224000,10304
2015-12-17,1450310400,9612
2015-12-18,1450396800,9032
2015-12-19,1450483200,9314
2015-12-20,1450569600,9879
2015-12-21,1450656000,12063
2015-12-22,1450742400,21027
2015-12-23,1450828800,22740
2015-12-24,1450915200,13494
2015-12-25,1451001600,9521
2015-12-26,1451088000,10726
2015-12-27,1451174400,21867
2015-12-28,1451260800,12368
2015-12-29,1451347200,11358
2015-12-30,1451433600,21767
2015-12-31,1451520000,10301
2016-01-01,1451606400,8233
2016-01-02,1451692800,9164
2016-01-03,1451779200,9258
2016-01-04,1451865600,9474
2016-01-05,1451952000,16430
2016-01-06,1452038400,17074
2016-01-07,1452124800,22075
2016-01-08,1452211200,10919
2016-01-09,1452297600,11793
2016-01-10,1452384000,10320
2016-01-11,1452470400,10893
2016-01-12,1452556800,10862
2016-01-13,1452643200,17665
2016-01-14,1452729600,10653
2016-01-15,1452816000,9875
2016-01-16,1452902400,10664
2016-01-17,1452988800,9747
2016-01-18,1453075200,12916
2016-01-19,1453161600,13420
2016-01-20,1453248000,10610
2016-01-21,1453334400,10734
2016-01-22,1453420800,13848
2016-01-23,1453507200,11025
2016-01-24,1453593600,12798
2016-01-25,1453680000,17121
2016-01-26,1453766400,16511
2016-01-27,1453852800,18747
2016-01-28,1453939200,16765
2016-01-29,1454025600,16395
2016-01-30,1454112000,14661
2016-01-31,1454198400,14166
2016-02-01,1454284800,14199
2016-02-02,1454371200,14291
2016-02-03,1454457600,14274
2016-02-04,1454544000,14371
2016-02-05,1454630400,15249
2016-02-06,1454716800,31418
2016-02-07,1454803200,14264
2016-02-08,1454889600,14719
2016-02-09,1454976000,15517
2016-02-10,1455062400,17141
2016-02-11,1455148800,21440
2016-02-12,1455235200,18109
2016-02-13,1455321600,19327
2016-02-14,1455408000,16624
2016-02-15,1455494400,17159
2016-02-16,1455580800,17549
2016-02-17,1455667200,19990
2016-02-18,1455753600,16969
2016-02-19,1455840000,18412
2016-02-20,1455926400,16714
2016-02-21,1456012800,17119
2016-02-22,1456099200,18190
2016-02-23,1456185600,18482
2016-02-24,1456272000,19540
2016-02-25,1456358400,19503
2016-02-26,1456444800,21068
2016-02-27,1456531200,18981
2016-02-28,1456617600,19063
2016-02-29,1456704000,20358
2016-03-01,1456790400,21778
2016-03-02,1456876800,23562
2016-03-03,1456963200,24837
2016-03-04,1457049600,24287
2016-03-05,1457136000,27115
2016-03-06,1457222400,27661
2016-03-07,1457308800,23271
2016-03-08,1457395200,24104
2016-03-09,1457481600,24557
2016-03-10,1457568000,24814
2016-03-11,1457654400,23124
2016-03-12,1457740800,27887
2016-03-13,1457827200,28127
2016-03-14,1457913600,28528
2016-03-15,1458000000,29273
2016-03-16,1458086400,27596
2016-03-17,1458172800,33531
2016-03-18,1458259200,31821
2016-03-19,1458345600,34779
2016-03-20,1458432000,32447
2016-03-21,1458518400,32511
2016-03-22,1458604800,32890
2016-03-23,1458691200,31786
2016-03-24,1458777600,36947
2016-03-25,1458864000,36762
2016-03-26,1458950400,36646
2016-03-27,1459036800,29974
2016-03-28,1459123200,33613
2016-03-29,1459209600,33915
2016-03-30,1459296000,36767
2016-03-31,1459382400,32259
2016-04-01,1459468800,33320
2016-04-02,1459555200,29358
2016-04-03,1459641600,29588
2016-04-04,1459728000,34907
2016-04-05,1459814400,39173
2016-04-06,1459900800,32078
2016-04-07,1459987200,31893
2016-04-08,1460073600,34010
2016-04-09,1460160000,31923
2016-04-10,1460246400,32237
2016-04-11,1460332800,30327
2016-04-12,1460419200,34673
2016-04-13,1460505600,36051
2016-04-14,1460592000,34781
2016-04-15,1460678400,34959
2016-04-16,1460764800,30483
2016-04-17,1460851200,40203
2016-04-18,1460937600,33513
2016-04-19,1461024000,32622
2016-04-20,1461110400,32944
2016-04-21,1461196800,37181
2016-04-22,1461283200,31678
2016-04-23,1461369600,31845
2016-04-24,1461456000,34046
2016-04-25,1461542400,35430
2016-04-26,1461628800,32582
2016-04-27,1461715200,33847
2016-04-28,1461801600,34343
2016-04-29,1461888000,37332
2016-04-30,1461974400,45769
2016-05-01,1462060800,39578
2016-05-02,1462147200,41748
2016-05-03,1462233600,37821
2016-05-04,1462320000,37484
2016-05-05,1462406400,38707
2016-05-06,1462492800,41271
2016-05-07,1462579200,35864
2016-05-08,1462665600,40063
2016-05-09,1462752000,38560
2016-05-10,1462838400,40684
2016-05-11,1462924800,40811
2016-05-12,1463011200,45002
2016-05-13,1463097600,47737
2016-05-14,1463184000,45745
2016-05-15,1463270400,43073
2016-05-16,1463356800,37424
2016-05-17,1463443200,40309
2016-05-18,1463529600,46033
2016-05-19,1463616000,44523
2016-05-20,1463702400,45177
2016-05-21,1463788800,43621
2016-05-22,1463875200,38895
2016-05-23,1463961600,43806
2016-05-24,1464048000,42911
2016-05-25,1464134400,46443
2016-05-26,1464220800,51147
2016-05-27,1464307200,49006
2016-05-28,1464393600,70148
2016-05-29,1464480000,45890
2016-05-30,1464566400,42927
2016-05-31,1464652800,44386
2016-06-01,1464739200,42221
2016-06-02,1464825600,39666
2016-06-03,1464912000,39834
2016-06-04,1464998400,37875
2016-06-05,1465084800,37896
2016-06-06,1465171200,38957
2016-06-07,1465257600,46141
2016-06-08,1465344000,40433
2016-06-09,1465430400,39854
2016-06-10,1465516800,40145
2016-06-11,1465603200,36901
2016-06-12,1465689600,42581
2016-06-13,1465776000,46185
2016-06-14,1465862400,50335
2016-06-15,1465948800,43251
2016-06-16,1466035200,43392
2016-06-17,1466121600,66558
2016-06-18,1466208000,63083
2016-06-19,1466294400,51035
2016-06-20,1466380800,47118
2016-06-21,1466467200,47323
2016-06-22,1466553600,48615
2016-06-23,1466640000,41908
2016-06-24,1466726400,45331
2016-06-25,1466812800,36684
2016-06-26,1466899200,41613
2016-06-27,1466985600,39663
2016-06-28,1467072000,43089
2016-06-29,1467158400,49897
2016-06-30,1467244800,63952
2016-07-01,1467331200,40085
2016-07-02,1467417600,39257
2016-07-03,1467504000,39757
2016-07-04,1467590400,39950
2016-07-05,1467676800,39270
2016-07-06,1467763200,37900
2016-07-07,1467849600,40433
2016-07-08,1467936000,42506
2016-07-09,1468022400,40410
2016-07-10,1468108800,39358
2016-07-11,1468195200,38582
2016-07-12,1468281600,40811
2016-07-13,1468368000,35740
2016-07-14,1468454400,42809
2016-07-15,1468540800,41110
2016-07-16,1468627200,38062
2016-07-17,1468713600,33914
2016-07-18,1468800000,39198
2016-07-19,1468886400,44184
2016-07-20,1468972800,50631
2016-07-21,1469059200,44882
2016-07-22,1469145600,48458
2016-07-23,1469232000,45006
2016-07-24,1469318400,58215
2016-07-25,1469404800,54856
2016-07-26,1469491200,61930
2016-07-27,1469577600,53035
2016-07-28,1469664000,48555
2016-07-29,1469750400,47243
2016-07-30,1469836800,42011
2016-07-31,1469923200,48749
2016-08-01,1470009600,45978
2016-08-02,1470096000,49041
2016-08-03,1470182400,49475
2016-08-04,1470268800,46761
2016-08-05,1470355200,43212
2016-08-06,1470441600,41487
2016-08-07,1470528000,42955
2016-08-08,1470614400,42984
2016-08-09,1470700800,47057
2016-08-10,1470787200,46290
2016-08-11,1470873600,48171
2016-08-12,1470960000,44400
2016-08-13,1471046400,41088
2016-08-14,1471132800,40577
2016-08-15,1471219200,42302
2016-08-16,1471305600,48949
2016-08-17,1471392000,44867
2016-08-18,1471478400,47799
2016-08-19,1471564800,42948
2016-08-20,1471651200,41318
2016-08-21,1471737600,42543
2016-08-22,1471824000,44250
2016-08-23,1471910400,48430
2016-08-24,1471996800,46821
2016-08-25,1472083200,49868
2016-08-26,1472169600,47292
2016-08-27,1472256000,47938
2016-08-28,1472342400,42607
2016-08-29,1472428800,45510
2016-08-30,1472515200,46979
2016-08-31,1472601600,45846
2016-09-01,1472688000,47491
2016-09-02,1472774400,55413
2016-09-03,1472860800,44792
2016-09-04,1472947200,48128
2016-09-05,1473033600,42667
2016-09-06,1473120000,49102
2016-09-07,1473206400,48701
2016-09-08,1473292800,55970
2016-09-09,1473379200,53918
2016-09-10,1473465600,42875
2016-09-11,1473552000,43345
2016-09-12,1473638400,45123
2016-09-13,1473724800,42591
2016-09-14,1473811200,53859
2016-09-15,1473897600,52622
2016-09-16,1473984000,57532
2016-09-17,1474070400,46882
2016-09-18,1474156800,37893
2016-09-19,1474243200,40505
2016-09-20,1474329600,54067
2016-09-21,1474416000,44549
2016-09-22,1474502400,52657
2016-09-23,1474588800,35219
2016-09-24,1474675200,43418
2016-09-25,1474761600,38713
2016-09-26,1474848000,43514
2016-09-27,1474934400,46817
2016-09-28,1475020800,42797
2016-09-29,1475107200,40416
2016-09-30,1475193600,35836
2016-10-01,1475280000,53076
2016-10-02,1475366400,51105
2016-10-03,1475452800,47672
2016-10-04,1475539200,56662
2016-10-05,1475625600,41719
2016-10-06,1475712000,36826
2016-10-07,1475798400,43708
2016-10-08,1475884800,37690
2016-10-09,1475971200,43940
2016-10-10,1476057600,44940
2016-10-11,1476144000,41053
2016-10-12,1476230400,30002
2016-10-13,1476316800,32244
2016-10-14,1476403200,42006
2016-10-15,1476489600,33662
2016-10-16,1476576000,34990
2016-10-17,1476662400,38136
2016-10-18,1476748800,51898
2016-10-19,1476835200,38497
2016-10-20,1476921600,43438
2016-10-21,1477008000,57780
2016-10-22,1477094400,37772
2016-10-23,1477180800,35364
2016-10-24,1477267200,52547
2016-10-25,1477353600,47610
2016-10-26,1477440000,45158
2016-10-27,1477526400,44353
2016-10-28,1477612800,41522
2016-10-29,1477699200,40011
2016-10-30,1477785600,39435
2016-10-31,1477872000,45031
2016-11-01,1477958400,49025
2016-11-02,1478044800,43519
2016-11-03,1478131200,42346
2016-11-04,1478217600,32572
2016-11-05,1478304000,37690
2016-11-06,1478390400,34391
2016-11-07,1478476800,41941
2016-11-08,1478563200,41569
2016-11-09,1478649600,40517
2016-11-10,1478736000,40164
2016-11-11,1478822400,41070
2016-11-12,1478908800,40882
2016-11-13,1478995200,43673
2016-11-14,1479081600,43876
2016-11-15,1479168000,45330
2016-11-16,1479254400,41684
2016-11-17,1479340800,40738
2016-11-18,1479427200,43785
2016-11-19,1479513600,39289
2016-11-20,1479600000,42125
2016-11-21,1479686400,42735
2016-11-22,1479772800,53585
2016-11-23,1479859200,64289
2016-11-24,1479945600,36861
2016-11-25,1480032000,58075
2016-11-26,1480118400,40804
2016-11-27,1480204800,44449
2016-11-28,1480291200,48388
2016-11-29,1480377600,47036
2016-11-30,1480464000,39178
2016-12-01,1480550400,37121
2016-12-02,1480636800,41642
2016-12-03,1480723200,41357
2016-12-04,1480809600,39643
2016-12-05,1480896000,41613
2016-12-06,1480982400,48200
2016-12-07,1481068800,41757
2016-12-08,1481155200,39587
2016-12-09,1481241600,41444
2016-12-10,1481328000,40564
2016-12-11,1481414400,39164
2016-12-12,1481500800,38741
2016-12-13,1481587200,44664
2016-12-14,1481673600,47294
2016-12-15,1481760000,46102
2016-12-16,1481846400,43953
2016-12-17,1481932800,39442
2016-12-18,1482019200,36640
2016-12-19,1482105600,45599
2016-12-20,1482192000,44241
2016-12-21,1482278400,50793
2016-12-22,1482364800,55173
2016-12-23,1482451200,44391
2016-12-24,1482537600,37757
2016-12-25,1482624000,36601
2016-12-26,1482710400,34565
2016-12-27,1482796800,42370
2016-12-28,1482883200,43386
2016-12-29,1482969600,46546
2016-12-30,1483056000,44561
2016-12-31,1483142400,41220
2017-01-01,1483228800,38730
2017-01-02,1483315200,39652
2017-01-03,1483401600,45883
2017-01-04,1483488000,50673
2017-01-05,1483574400,49596
2017-01-06,1483660800,43804
2017-01-07,1483747200,43622
2017-01-08,1483833600,42727
2017-01-09,1483920000,46188
2017-01-10,1484006400,48179
2017-01-11,1484092800,45221
2017-01-12,1484179200,50589
2017-01-13,1484265600,50833
2017-01-14,1484352000,42044
2017-01-15,1484438400,41748
2017-01-16,1484524800,45375
2017-01-17,1484611200,46671
2017-01-18,1484697600,44994
2017-01-19,1484784000,43628
2017-01-20,1484870400,45775
2017-01-21,1484956800,43302
2017-01-22,1485043200,47432
2017-01-23,1485129600,46076
2017-01-24,1485216000,50414
2017-01-25,1485302400,46256
2017-01-26,1485388800,46856
2017-01-27,1485475200,46680
2017-01-28,1485561600,45189
2017-01-29,1485648000,42509
2017-01-30,1485734400,45369
2017-01-31,1485820800,43649
2017-02-01,1485907200,44541
2017-02-02,1485993600,43709
2017-02-03,1486080000,42778
2017-02-04,1486166400,45410
2017-02-05,1486252800,46542
2017-02-06,1486339200,47306
2017-02-07,1486425600,51866
2017-02-08,1486512000,51089
2017-02-09,1486598400,47873
2017-02-10,1486684800,52222
2017-02-11,1486771200,46560
2017-02-12,1486857600,45319
2017-02-13,1486944000,55990
2017-02-14,1487030400,58298
2017-02-15,1487116800,55320
2017-02-16,1487203200,49674
2017-02-17,1487289600,49406
2017-02-18,1487376000,49398
2017-02-19,1487462400,48227
2017-02-20,1487548800,50152
2017-02-21,1487635200,58434
2017-02-22,1487721600,50372
2017-02-23,1487808000,47601
2017-02-24,1487894400,54081
2017-02-25,1487980800,53245
2017-02-26,1488067200,51716
2017-02-27,1488153600,52642
2017-02-28,1488240000,60277
2017-03-01,1488326400,59774
2017-03-02,1488412800,70779
2017-03-03,1488499200,64294
2017-03-04,1488585600,58756
2017-03-05,1488672000,57031
2017-03-06,1488758400,57020
2017-03-07,1488844800,62589
2017-03-08,1488931200,55386
2017-03-09,1489017600,64266
2017-03-10,1489104000,65132
2017-03-11,1489190400,64803
2017-03-12,1489276800,66646
2017-03-13,1489363200,81718
2017-03-14,1489449600,77155
2017-03-15,1489536000,81205
2017-03-16,1489622400,109950
2017-03-17,1489708800,106635
2017-03-18,1489795200,89920
2017-03-19,1489881600,84599
2017-03-20,1489968000,80264
2017-03-21,1490054400,84298
2017-03-22,1490140800,78821
2017-03-23,1490227200,82434
2017-03-24,1490313600,87775
2017-03-25,1490400000,84394
2017-03-26,1490486400,79534
2017-03-27,1490572800,94570
2017-03-28,1490659200,84348
2017-03-29,1490745600,93064
2017-03-30,1490832000,96209
2017-03-31,1490918400,103102
2017-04-01,1491004800,80572
2017-04-02,1491091200,88948
2017-04-03,1491177600,100221
2017-04-04,1491264000,86279
2017-04-05,1491350400,87411
2017-04-06,1491436800,95177
2017-04-07,1491523200,92846
2017-04-08,1491609600,72144
2017-04-09,1491696000,74557
2017-04-10,1491782400,75487
2017-04-11,1491868800,75891
2017-04-12,1491955200,80347
2017-04-13,1492041600,84124
2017-04-14,1492128000,81155
2017-04-15,1492214400,74820
2017-04-16,1492300800,70634
2017-04-17,1492387200,72546
2017-04-18,1492473600,83303
2017-04-19,1492560000,85734
2017-04-20,1492646400,85450
2017-04-21,1492732800,81278
2017-04-22,1492819200,73539
2017-04-23,1492905600,77073
2017-04-24,1492992000,80531
2017-04-25,1493078400,93033
2017-04-26,1493164800,89642
2017-04-27,1493251200,104494
2017-04-28,1493337600,106193
2017-04-29,1493424000,91335
2017-04-30,1493510400,95202
2017-05-01,1493596800,112202
2017-05-02,1493683200,110354
2017-05-03,1493769600,97334
2017-05-04,1493856000,114877
2017-05-05,1493942400,108514
2017-05-06,1494028800,95014
2017-05-07,1494115200,106631
2017-05-08,1494201600,117509
2017-05-09,1494288000,112933
2017-05-10,1494374400,109673
2017-05-11,1494460800,117189
2017-05-12,1494547200,107241
2017-05-13,1494633600,101332
2017-05-14,1494720000,101348
2017-05-15,1494806400,122792
2017-05-16,1494892800,116341
2017-05-17,1494979200,140135
2017-05-18,1495065600,137409
2017-05-19,1495152000,161568
2017-05-20,1495238400,130912
2017-05-21,1495324800,149699
2017-05-22,1495411200,176255
2017-05-23,1495497600,187121
2017-05-24,1495584000,187293
2017-05-25,1495670400,183010
2017-05-26,1495756800,169818
2017-05-27,1495843200,149450
2017-05-28,1495929600,155271
2017-05-29,1496016000,158547
2017-05-30,1496102400,193618
2017-05-31,1496188800,214126
2017-06-01,1496275200,199160
2017-06-02,1496361600,194911
2017-06-03,1496448000,175666
2017-06-04,1496534400,180136
2017-06-05,1496620800,190305
2017-06-06,1496707200,200523
2017-06-07,1496793600,207180
2017-06-08,1496880000,187700
2017-06-09,1496966400,215831
2017-06-10,1497052800,213356
2017-06-11,1497139200,240490
2017-06-12,1497225600,292941
2017-06-13,1497312000,280054
2017-06-14,1497398400,250410
2017-06-15,1497484800,261617
2017-06-16,1497571200,248003
2017-06-17,1497657600,242022
2017-06-18,1497744000,245957
2017-06-19,1497830400,286209
2017-06-20,1497916800,308488
2017-06-21,1498003200,221289
2017-06-22,1498089600,284225
2017-06-23,1498176000,276012
2017-06-24,1498262400,250570
2017-06-25,1498348800,231135
2017-06-26,1498435200,316788
2017-06-27,1498521600,252995
2017-06-28,1498608000,274241
2017-06-29,1498694400,263791
2017-06-30,1498780800,252652
2017-07-01,1498867200,240465
2017-07-02,1498953600,248617
2017-07-03,1499040000,302032
2017-07-04,1499126400,281465
2017-07-05,1499212800,271606
2017-07-06,1499299200,258791
2017-07-07,1499385600,295389
2017-07-08,1499472000,248142
2017-07-09,1499558400,225189
2017-07-10,1499644800,302633
2017-07-11,1499731200,291677
2017-07-12,1499817600,283828
2017-07-13,1499904000,260745
2017-07-14,1499990400,249381
2017-07-15,1500076800,231961
2017-07-16,1500163200,249138
2017-07-17,1500249600,248473
2017-07-18,1500336000,271055
2017-07-19,1500422400,270122
2017-07-20,1500508800,250065
2017-07-21,1500595200,232560
2017-07-22,1500681600,205574
2017-07-23,1500768000,260490
2017-07-24,1500854400,263095
2017-07-25,1500940800,242956
2017-07-26,1501027200,223010
2017-07-27,1501113600,225435
2017-07-28,1501200000,246494
2017-07-29,1501286400,198773
2017-07-30,1501372800,206624
2017-07-31,1501459200,250090
2017-08-01,1501545600,218582
2017-08-02,1501632000,231068
2017-08-03,1501718400,236335
2017-08-04,1501804800,257160
2017-08-05,1501891200,261400
2017-08-06,1501977600,265127
2017-08-07,1502064000,281172
2017-08-08,1502150400,318866
2017-08-09,1502236800,280308
2017-08-10,1502323200,338241
2017-08-11,1502409600,356682
2017-08-12,1502496000,338654
2017-08-13,1502582400,333011
2017-08-14,1502668800,410061
2017-08-15,1502755200,413246
2017-08-16,1502841600,413624
2017-08-17,1502928000,428007
2017-08-18,1503014400,443356
2017-08-19,1503100800,377418
2017-08-20,1503187200,309926
2017-08-21,1503273600,392880
2017-08-22,1503360000,364727
2017-08-23,1503446400,374711
2017-08-24,1503532800,352465
2017-08-25,1503619200,352621
2017-08-26,1503705600,306268
2017-08-27,1503792000,324173
2017-08-28,1503878400,363799
2017-08-29,1503964800,394649
2017-08-30,1504051200,400220
2017-08-31,1504137600,384421
2017-09-01,1504224000,390997
2017-09-02,1504310400,331797
2017-09-03,1504396800,302525
2017-09-04,1504483200,442592
2017-09-05,1504569600,444572
2017-09-06,1504656000,496376
2017-09-07,1504742400,448347
2017-09-08,1504828800,463670
2017-09-09,1504915200,383654
2017-09-10,1505001600,325128
2017-09-11,1505088000,365384
2017-09-12,1505174400,404898
2017-09-13,1505260800,365679
2017-09-14,1505347200,380251
2017-09-15,1505433600,441767
2017-09-16,1505520000,373764
2017-09-17,1505606400,289517
2017-09-18,1505692800,362764
2017-09-19,1505779200,337752
2017-09-20,1505865600,324984
2017-09-21,1505952000,317074
2017-09-22,1506038400,271470
2017-09-23,1506124800,260107
2017-09-24,1506211200,280929
2017-09-25,1506297600,306614
2017-09-26,1506384000,306075
2017-09-27,1506470400,309047
2017-09-28,1506556800,329208
2017-09-29,1506643200,326502
2017-09-30,1506729600,295798
2017-10-01,1506816000,283871
2017-10-02,1506902400,306095
2017-10-03,1506988800,327906
2017-10-04,1507075200,307399
2017-10-05,1507161600,314808
2017-10-06,1507248000,319882
2017-10-07,1507334400,291091
2017-10-08,1507420800,296829
2017-10-09,1507507200,328172
2017-10-10,1507593600,349605
2017-10-11,1507680000,344305
2017-10-12,1507766400,363411
2017-10-13,1507852800,379136
2017-10-14,1507939200,332169
2017-10-15,1508025600,328921
2017-10-16,1508112000,408297
2017-10-17,1508198400,505611
2017-10-18,1508284800,470449
2017-10-19,1508371200,494184
2017-10-20,1508457600,546837
2017-10-21,1508544000,462902
2017-10-22,1508630400,435493
2017-10-23,1508716800,468168
2017-10-24,1508803200,492288
2017-10-25,1508889600,460419
2017-10-26,1508976000,466406
2017-10-27,1509062400,486147
2017-10-28,1509148800,484554
2017-10-29,1509235200,494176
2017-10-30,1509321600,532626
2017-10-31,1509408000,519906
2017-11-01,1509494400,527783
2017-11-02,1509580800,529277
2017-11-03,1509667200,485790
2017-11-04,1509753600,398758
2017-11-05,1509840000,417102
2017-11-06,1509926400,511663
2017-11-07,1510012800,470418
2017-11-08,1510099200,480413
2017-11-09,1510185600,467172
2017-11-10,1510272000,457427
2017-11-11,1510358400,394378
2017-11-12,1510444800,434380
2017-11-13,1510531200,443176
2017-11-14,1510617600,475984
2017-11-15,1510704000,540593
2017-11-16,1510790400,491482
2017-11-17,1510876800,508590
2017-11-18,1510963200,459679
2017-11-19,1511049600,464563
2017-11-20,1511136000,530141
2017-11-21,1511222400,524044
2017-11-22,1511308800,546489
2017-11-23,1511395200,537068
2017-11-24,1511481600,525529
2017-11-25,1511568000,561166
2017-11-26,1511654400,542484
2017-11-27,1511740800,608695
2017-11-28,1511827200,638989
2017-11-29,1511913600,663579
2017-11-30,1512000000,655457
2017-12-01,1512086400,622720
2017-12-02,1512172800,627785
2017-12-03,1512259200,693808
2017-12-04,1512345600,701834
2017-12-05,1512432000,693090
2017-12-06,1512518400,791746
2017-12-07,1512604800,659068
2017-12-08,1512691200,766411
2017-12-09,1512777600,707223
2017-12-10,1512864000,716575
2017-12-11,1512950400,828899
2017-12-12,1513036800,872340
2017-12-13,1513123200,909631
2017-12-14,1513209600,942559
2017-12-15,1513296000,904346
2017-12-16,1513382400,899857
2017-12-17,1513468800,876574
2017-12-18,1513555200,984021
2017-12-19,1513641600,1092234
2017-12-20,1513728000,986104
2017-12-21,1513814400,1072665
2017-12-22,1513900800,1103523
2017-12-23,1513987200,918881
2017-12-24,1514073600,758234
2017-12-25,1514160000,752361
2017-12-26,1514246400,813510
2017-12-27,1514332800,912752
2017-12-28,1514419200,949503
2017-12-29,1514505600,1090191
2017-12-30,1514592000,1136659
2017-12-31,1514678400,946981
2018-01-01,1514764800,908945
2018-01-02,1514851200,1153936
2018-01-03,1514937600,1238030
2018-01-04,1515024000,1349890
2018-01-05,1515110400,1271577
2018-01-06,1515196800,1226417
2018-01-07,1515283200,1152722
2018-01-08,1515369600,1215473
2018-01-09,1515456000,1256240
2018-01-10,1515542400,1177685
2018-01-11,1515628800,1173965
2018-01-12,1515715200,1118757
2018-01-13,1515801600,1179321
2018-01-14,1515888000,1081593
2018-01-15,1515974400,1206420
2018-01-16,1516060800,1277936
2018-01-17,1516147200,1277083
2018-01-18,1516233600,1205184
2018-01-19,1516320000,1043257
2018-01-20,1516406400,984489
2018-01-21,1516492800,1006530
2018-01-22,1516579200,972911
2018-01-23,1516665600,928494
2018-01-24,1516752000,913668
2018-01-25,1516838400,788515
2018-01-26,1516924800,953429
2018-01-27,1517011200,831992
2018-01-28,1517097600,889104
2018-01-29,1517184000,936845
2018-01-30,1517270400,906578
2018-01-31,1517356800,877284
2018-02-01,1517443200,1008759
2018-02-02,1517529600,981133
2018-02-03,1517616000,814486
2018-02-04,1517702400,800876
2018-02-05,1517788800,875761
2018-02-06,1517875200,888219
2018-02-07,1517961600,818625
2018-02-08,1518048000,681344
2018-02-09,1518134400,789807
2018-02-10,1518220800,848390
2018-02-11,1518307200,773496
2018-02-12,1518393600,829020
2018-02-13,1518480000,745822
2018-02-14,1518566400,746384
2018-02-15,1518652800,777318
2018-02-16,1518739200,704758
2018-02-17,1518825600,772079
2018-02-18,1518912000,756092
2018-02-19,1518998400,811384
2018-02-20,1519084800,886897
2018-02-21,1519171200,850504
2018-02-22,1519257600,761893
2018-02-23,1519344000,733084
2018-02-24,1519430400,732861
2018-02-25,1519516800,690582
2018-02-26,1519603200,737453
2018-02-27,1519689600,694583
2018-02-28,1519776000,720368
2018-03-01,1519862400,684404
2018-03-02,1519948800,744666
2018-03-03,1520035200,673465
2018-03-04,1520121600,643241
2018-03-05,1520208000,752756
2018-03-06,1520294400,712591
2018-03-07,1520380800,783757
2018-03-08,1520467200,690139
2018-03-09,1520553600,650058
2018-03-10,1520640000,591377
2018-03-11,1520726400,608899
2018-03-12,1520812800,677908
2018-03-13,1520899200,699093
2018-03-14,1520985600,671198
2018-03-15,1521072000,654531
2018-03-16,1521158400,654584
2018-03-17,1521244800,593203
2018-03-18,1521331200,684094
2018-03-19,1521417600,703891
2018-03-20,1521504000,661791
2018-03-21,1521590400,697872
2018-03-22,1521676800,619453
2018-03-23,1521763200,677103
2018-03-24,1521849600,613203
2018-03-25,1521936000,526372
2018-03-26,1522022400,626615
2018-03-27,1522108800,584055
2018-03-28,1522195200,579858
2018-03-29,1522281600,583673
2018-03-30,1522368000,633616
2018-03-31,1522454400,584396
2018-04-01,1522540800,545141
2018-04-02,1522627200,598505
2018-04-03,1522713600,645977
2018-04-04,1522800000,628441
2018-04-05,1522886400,695871
2018-04-06,1522972800,647981
2018-04-07,1523059200,535865
2018-04-08,1523145600,595733
2018-04-09,1523232000,609799
2018-04-10,1523318400,571388
2018-04-11,1523404800,609102
2018-04-12,1523491200,692606
2018-04-13,1523577600,730344
2018-04-14,1523664000,611188
2018-04-15,1523750400,619985
2018-04-16,1523836800,664402
2018-04-17,1523923200,742823
2018-04-18,1524009600,703293
2018-04-19,1524096000,814318
2018-04-20,1524182400,832220
2018-04-21,1524268800,746104
2018-04-22,1524355200,748858
2018-04-23,1524441600,802870
2018-04-24,1524528000,816357
2018-04-25,1524614400,799014
2018-04-26,1524700800,793873
2018-04-27,1524787200,764479
2018-04-28,1524873600,775321
2018-04-29,1524960000,756651
2018-04-30,1525046400,778133
2018-05-01,1525132800,713839
2018-05-02,1525219200,787722
2018-05-03,1525305600,839586
2018-05-04,1525392000,1000526
2018-05-05,1525478400,789261
2018-05-06,1525564800,691273
2018-05-07,1525651200,789863
2018-05-08,1525737600,820098
2018-05-09,1525824000,831127
2018-05-10,1525910400,854827
2018-05-11,1525996800,826099
2018-05-12,1526083200,788487
2018-05-13,1526169600,762439
2018-05-14,1526256000,801788
2018-05-15,1526342400,779210
2018-05-16,1526428800,807257
2018-05-17,1526515200,835761
2018-05-18,1526601600,831831
2018-05-19,1526688000,846288
2018-05-20,1526774400,777283
2018-05-21,1526860800,802211
2018-05-22,1526947200,822409
2018-05-23,1527033600,833377
2018-05-24,1527120000,811167
2018-05-25,1527206400,800838
2018-05-26,1527292800,761932
2018-05-27,1527379200,776024
2018-05-28,1527465600,861002
2018-05-29,1527552000,812183
2018-05-30,1527638400,817167
2018-05-31,1527724800,832842
2018-06-01,1527811200,758242
2018-06-02,1527897600,768017
2018-06-03,1527984000,809997
2018-06-04,1528070400,807165
2018-06-05,1528156800,780654
2018-06-06,1528243200,754070
2018-06-07,1528329600,775828
2018-06-08,1528416000,720017
2018-06-09,1528502400,769427
2018-06-10,1528588800,771280
2018-06-11,1528675200,768985
2018-06-12,1528761600,770199
2018-06-13,1528848000,797637
2018-06-14,1528934400,765916
2018-06-15,1529020800,763803
2018-06-16,1529107200,639775
2018-06-17,1529193600,648548
2018-06-18,1529280000,695753
2018-06-19,1529366400,778765
2018-06-20,1529452800,803076
2018-06-21,1529539200,752035
2018-06-22,1529625600,770457
2018-06-23,1529712000,675918
2018-06-24,1529798400,671994
2018-06-25,1529884800,837265
2018-06-26,1529971200,732170
2018-06-27,1530057600,771938
2018-06-28,1530144000,744784
2018-06-29,1530230400,735092
2018-06-30,1530316800,632981
2018-07-01,1530403200,622633
2018-07-02,1530489600,489559
2018-07-03,1530576000,573532
2018-07-04,1530662400,447112
2018-07-05,1530748800,527586
2018-07-06,1530835200,459075
2018-07-07,1530921600,484105
2018-07-08,1531008000,631505
2018-07-09,1531094400,651926
2018-07-10,1531180800,691771
2018-07-11,1531267200,643920
2018-07-12,1531353600,566058
2018-07-13,1531440000,563317
2018-07-14,1531526400,508951
2018-07-15,1531612800,453706
2018-07-16,1531699200,703999
2018-07-17,1531785600,701292
2018-07-18,1531872000,746145
2018-07-19,1531958400,734702
2018-07-20,1532044800,671608
2018-07-21,1532131200,620634
2018-07-22,1532217600,675356
2018-07-23,1532304000,758657
2018-07-24,1532390400,784910
2018-07-25,1532476800,787527
2018-07-26,1532563200,725630
2018-07-27,1532649600,788715
2018-07-28,1532736000,703973
2018-07-29,1532822400,716354
2018-07-30,1532908800,757712
2018-07-31,1532995200,745063
2018-08-01,1533081600,757758
2018-08-02,1533168000,779928
2018-08-03,1533254400,753190
2018-08-04,1533340800,720548
2018-08-05,1533427200,704249
2018-08-06,1533513600,699536
2018-08-07,1533600000,636342
2018-08-08,1533686400,565663
2018-08-09,1533772800,538530
2018-08-10,1533859200,613892
2018-08-11,1533945600,657312
2018-08-12,1534032000,641927
2018-08-13,1534118400,694941
2018-08-14,1534204800,690348
2018-08-15,1534291200,648565
2018-08-16,1534377600,716732
2018-08-17,1534464000,607270
2018-08-18,1534550400,627522
2018-08-19,1534636800,599660
2018-08-20,1534723200,663769
2018-08-21,1534809600,605639
2018-08-22,1534896000,594918
2018-08-23,1534982400,599557
2018-08-24,1535068800,596227
2018-08-25,1535155200,577239
2018-08-26,1535241600,574072
2018-08-27,1535328000,645935
2018-08-28,1535414400,613844
2018-08-29,1535500800,546841
2018-08-30,1535587200,592847
2018-08-31,1535673600,577258
2018-09-01,1535760000,656254
2018-09-02,1535846400,620267
2018-09-03,1535932800,631429
2018-09-04,1536019200,589521
2018-09-05,1536105600,626957
2018-09-06,1536192000,588959
2018-09-07,1536278400,582184
2018-09-08,1536364800,543337
2018-09-09,1536451200,565631
2018-09-10,1536537600,561611
2018-09-11,1536624000,557317
2018-09-12,1536710400,570673
2018-09-13,1536796800,555753
2018-09-14,1536883200,514394
2018-09-15,1536969600,479695
2018-09-16,1537056000,458432
2018-09-17,1537142400,553720
2018-09-18,1537228800,500513
2018-09-19,1537315200,507255
2018-09-20,1537401600,498146
2018-09-21,1537488000,544686
2018-09-22,1537574400,470309
2018-09-23,1537660800,468627
2018-09-24,1537747200,480337
2018-09-25,1537833600,519108
2018-09-26,1537920000,493507
2018-09-27,1538006400,504047
2018-09-28,1538092800,500407
2018-09-29,1538179200,434315
2018-09-30,1538265600,479351
2018-10-01,1538352000,476308
2018-10-02,1538438400,490262
2018-10-03,1538524800,559006
2018-10-04,1538611200,559181
2018-10-05,1538697600,595361
2018-10-06,1538784000,596865
2018-10-07,1538870400,497767
2018-10-08,1538956800,542842
2018-10-09,1539043200,537028
2018-10-10,1539129600,516772
2018-10-11,1539216000,570525
2018-10-12,1539302400,562140
2018-10-13,1539388800,541797
2018-10-14,1539475200,511719
2018-10-15,1539561600,562011
2018-10-16,1539648000,575450
2018-10-17,1539734400,580354
2018-10-18,1539820800,565791
2018-10-19,1539907200,601119
2018-10-20,1539993600,534080
2018-10-21,1540080000,508014
2018-10-22,1540166400,577314
2018-10-23,1540252800,556231
2018-10-24,1540339200,532709
2018-10-25,1540425600,537236
2018-10-26,1540512000,551218
2018-10-27,1540598400,499165
2018-10-28,1540684800,509862
2018-10-29,1540771200,614695
2018-10-30,1540857600,608397
2018-10-31,1540944000,585707
2018-11-01,1541030400,589096
2018-11-02,1541116800,548534
2018-11-03,1541203200,505015
2018-11-04,1541289600,510848
2018-11-05,1541376000,582354
2018-11-06,1541462400,597166
2018-11-07,1541548800,564602
2018-11-08,1541635200,555392
2018-11-09,1541721600,547848
2018-11-10,1541808000,489120
2018-11-11,1541894400,527799
2018-11-12,1541980800,571162
2018-11-13,1542067200,553590
2018-11-14,1542153600,582181
2018-11-15,1542240000,563051
2018-11-16,1542326400,552107
2018-11-17,1542412800,505581
2018-11-18,1542499200,484801
2018-11-19,1542585600,622942
2018-11-20,1542672000,625752
2018-11-21,1542758400,579531
2018-11-22,1542844800,568895
2018-11-23,1542931200,559992
2018-11-24,1543017600,497091
2018-11-25,1543104000,529038
2018-11-26,1543190400,557388
2018-11-27,1543276800,565825
2018-11-28,1543363200,622580
2018-11-29,1543449600,555591
2018-11-30,1543536000,599039
2018-12-01,1543622400,525757
2018-12-02,1543708800,492410
2018-12-03,1543795200,548100
2018-12-04,1543881600,565202
2018-12-05,1543968000,595937
2018-12-06,1544054400,590923
2018-12-07,1544140800,572417
2018-12-08,1544227200,552651
2018-12-09,1544313600,507555
2018-12-10,1544400000,555379
2018-12-11,1544486400,536006
2018-12-12,1544572800,533920
2018-12-13,1544659200,565689
2018-12-14,1544745600,567306
2018-12-15,1544832000,551916
2018-12-16,1544918400,516697
2018-12-17,1545004800,570051
2018-12-18,1545091200,556320
2018-12-19,1545177600,597824
2018-12-20,1545264000,602429
2018-12-21,1545350400,606526
2018-12-22,1545436800,495551
2018-12-23,1545523200,543655
2018-12-24,1545609600,615551
2018-12-25,1545696000,535001
2018-12-26,1545782400,560047
2018-12-27,1545868800,548411
2018-12-28,1545955200,572189
2018-12-29,1546041600,543746
2018-12-30,1546128000,460395
2018-12-31,1546214400,522040
2019-01-01,1546300800,448168
2019-01-02,1546387200,589959
2019-01-03,1546473600,596620
2019-01-04,1546560000,549398
2019-01-05,1546646400,511189
2019-01-06,1546732800,487372
2019-01-07,1546819200,550964
2019-01-08,1546905600,553367
2019-01-09,1546992000,558847
2019-01-10,1547078400,582839
2019-01-11,1547164800,541838
2019-01-12,1547251200,452707
2019-01-13,1547337600,481347
2019-01-14,1547424000,577239
2019-01-15,1547510400,539896
2019-01-16,1547596800,507687
2019-01-17,1547683200,517082
2019-01-18,1547769600,538899
2019-01-19,1547856000,539125
2019-01-20,1547942400,537705
2019-01-21,1548028800,582751
2019-01-22,1548115200,605558
2019-01-23,1548201600,533819
2019-01-24,1548288000,520130
2019-01-25,1548374400,504903
2019-01-26,1548460800,464380
2019-01-27,1548547200,488814
2019-01-28,1548633600,568564
2019-01-29,1548720000,566026
2019-01-30,1548806400,555347
2019-01-31,1548892800,517057
2019-02-01,1548979200,498856
2019-02-02,1549065600,450314
2019-02-03,1549152000,424378
2019-02-04,1549238400,416394
2019-02-05,1549324800,414815
2019-02-06,1549411200,429065
2019-02-07,1549497600,428676
2019-02-08,1549584000,471952
2019-02-09,1549670400,417129
2019-02-10,1549756800,381151
2019-02-11,1549843200,429007
2019-02-12,1549929600,438111
2019-02-13,1550016000,491354
2019-02-14,1550102400,474782
2019-02-15,1550188800,468599
2019-02-16,1550275200,454309
2019-02-17,1550361600,447945
2019-02-18,1550448000,512455
2019-02-19,1550534400,533602
2019-02-20,1550620800,530268
2019-02-21,1550707200,544817
2019-02-22,1550793600,530839
2019-02-23,1550880000,476225
2019-02-24,1550966400,540201
2019-02-25,1551052800,573756
2019-02-26,1551139200,553925
2019-02-27,1551225600,539516
2019-02-28,1551312000,541458
2019-03-01,1551398400,547622
2019-03-02,1551484800,526912
2019-03-03,1551571200,492382
2019-03-04,1551657600,620211
2019-03-05,1551744000,598085
2019-03-06,1551830400,578932
2019-03-07,1551916800,572685
2019-03-08,1552003200,562361
2019-03-09,1552089600,555854
2019-03-10,1552176000,484038
2019-03-11,1552262400,536412
2019-03-12,1552348800,564306
2019-03-13,1552435200,573281
2019-03-14,1552521600,573828
2019-03-15,1552608000,553012
2019-03-16,1552694400,504183
2019-03-17,1552780800,494872
2019-03-18,1552867200,573940
2019-03-19,1552953600,635940
2019-03-20,1553040000,630313
2019-03-21,1553126400,618318
2019-03-22,1553212800,628700
2019-03-23,1553299200,561778
2019-03-24,1553385600,549073
2019-03-25,1553472000,648670
2019-03-26,1553558400,629010
2019-03-27,1553644800,625948
2019-03-28,1553731200,634367
2019-03-29,1553817600,640352
2019-03-30,1553904000,667967
2019-03-31,1553990400,646230
2019-04-01,1554076800,687574
2019-04-02,1554163200,758900
2019-04-03,1554249600,746605
2019-04-04,1554336000,673520
2019-04-05,1554422400,621924
2019-04-06,1554508800,559039
2019-04-07,1554595200,572886
2019-04-08,1554681600,668000
2019-04-09,1554768000,656914
2019-04-10,1554854400,674070
2019-04-11,1554940800,729032
2019-04-12,1555027200,694793
2019-04-13,1555113600,614291
2019-04-14,1555200000,551055
2019-04-15,1555286400,622058
2019-04-16,1555372800,656461
2019-04-17,1555459200,681896
2019-04-18,1555545600,697650
2019-04-19,1555632000,693183
2019-04-20,1555718400,686824
2019-04-21,1555804800,631190
2019-04-22,1555891200,719306
2019-04-23,1555977600,729268
2019-04-24,1556064000,668917
2019-04-25,1556150400,680812
2019-04-26,1556236800,661061
2019-04-27,1556323200,562687
2019-04-28,1556409600,593482
2019-04-29,1556496000,628989
2019-04-30,1556582400,707771
2019-05-01,1556668800,703790
2019-05-02,1556755200,626308
2019-05-03,1556841600,670882
2019-05-04,1556928000,623395
2019-05-05,1557014400,637464
2019-05-06,1557100800,706135
2019-05-07,1557187200,658146
2019-05-08,1557273600,686996
2019-05-09,1557360000,718440
2019-05-10,1557446400,736762
2019-05-11,1557532800,742337
2019-05-12,1557619200,715827
2019-05-13,1557705600,758695
2019-05-14,1557792000,830785
2019-05-15,1557878400,847606
2019-05-16,1557964800,908208
2019-05-17,1558051200,810320
2019-05-18,1558137600,735420
2019-05-19,1558224000,752431
2019-05-20,1558310400,860161
2019-05-21,1558396800,812799
2019-05-22,1558483200,873384
2019-05-23,1558569600,846724
2019-05-24,1558656000,904057
2019-05-25,1558742400,839949
2019-05-26,1558828800,763094
2019-05-27,1558915200,941733
2019-05-28,1559001600,910535
2019-05-29,1559088000,947509
2019-05-30,1559174400,891907
2019-05-31,1559260800,870676
2019-06-01,1559347200,956751
2019-06-02,1559433600,890894
2019-06-03,1559520000,889067
2019-06-04,1559606400,891955
2019-06-05,1559692800,799392
2019-06-06,1559779200,824817
2019-06-07,1559865600,758454
2019-06-08,1559952000,992653
2019-06-09,1560038400,715741
2019-06-10,1560124800,963694
2019-06-11,1560211200,930038
2019-06-12,1560297600,860682
2019-06-13,1560384000,749758
2019-06-14,1560470400,825364
2019-06-15,1560556800,938952
2019-06-16,1560643200,888979
2019-06-17,1560729600,944094
2019-06-18,1560816000,850016
2019-06-19,1560902400,886054
2019-06-20,1560988800,985024
2019-06-21,1561075200,777627
2019-06-22,1561161600,758133
2019-06-23,1561248000,773499
2019-06-24,1561334400,809637
2019-06-25,1561420800,932194
2019-06-26,1561507200,848601
2019-06-27,1561593600,814118
2019-06-28,1561680000,1004170
2019-06-29,1561766400,733337
2019-06-30,1561852800,685958
2019-07-01,1561939200,951985
2019-07-02,1562025600,895054
2019-07-03,1562112000,753227
2019-07-04,1562198400,747514
2019-07-05,1562284800,849080
2019-07-06,1562371200,754040
2019-07-07,1562457600,582067
2019-07-08,1562544000,809796
2019-07-09,1562630400,771955
2019-07-10,1562716800,736096
2019-07-11,1562803200,975288
2019-07-12,1562889600,726392
2019-07-13,1562976000,587283
2019-07-14,1563062400,613490
2019-07-15,1563148800,743294
2019-07-16,1563235200,1003278
2019-07-17,1563321600,830029
2019-07-18,1563408000,667874
2019-07-19,1563494400,815548
2019-07-20,1563580800,584085
2019-07-21,1563667200,522416
2019-07-22,1563753600,640666
2019-07-23,1563840000,606795
2019-07-24,1563926400,907213
2019-07-25,1564012800,949864
2019-07-26,1564099200,640260
2019-07-27,1564185600,577697
2019-07-28,1564272000,572697
2019-07-29,1564358400,676990
2019-07-30,1564444800,715782
2019-07-31,1564531200,684284
2019-08-01,1564617600,877643
2019-08-02,1564704000,768312
2019-08-03,1564790400,783492
2019-08-04,1564876800,569134
2019-08-05,1564963200,718438
2019-08-06,1565049600,732052
2019-08-07,1565136000,742477
2019-08-08,1565222400,692736
2019-08-09,1565308800,721762
2019-08-10,1565395200,630929
2019-08-11,1565481600,582507
2019-08-12,1565568000,712949
2019-08-13,1565654400,698671
2019-08-14,1565740800,736647
2019-08-15,1565827200,689076
2019-08-16,1565913600,718875
2019-08-17,1566000000,641106
2019-08-18,1566086400,627260
2019-08-19,1566172800,724461
2019-08-20,1566259200,733520
2019-08-21,1566345600,731500
2019-08-22,1566432000,737144
2019-08-23,1566518400,733282
2019-08-24,1566604800,684235
2019-08-25,1566691200,677260
2019-08-26,1566777600,750845
2019-08-27,1566864000,748158
2019-08-28,1566950400,722262
2019-08-29,1567036800,724189
2019-08-30,1567123200,713194
2019-08-31,1567209600,679773
2019-09-01,1567296000,690235
2019-09-02,1567382400,757539
2019-09-03,1567468800,751224
2019-09-04,1567555200,714432
2019-09-05,1567641600,769872
2019-09-06,1567728000,768500
2019-09-07,1567814400,677445
2019-09-08,1567900800,675137
2019-09-09,1567987200,756508
2019-09-10,1568073600,691617
2019-09-11,1568160000,705292
2019-09-12,1568246400,723726
2019-09-13,1568332800,623470
2019-09-14,1568419200,628467
2019-09-15,1568505600,633961
2019-09-16,1568592000,733010
2019-09-17,1568678400,681814
2019-09-18,1568764800,708743
2019-09-19,1568851200,692484
2019-09-20,1568937600,717128
2019-09-21,1569024000,596973
2019-09-22,1569110400,576563
2019-09-23,1569196800,639394
2019-09-24,1569283200,709522
2019-09-25,1569369600,677675
2019-09-26,1569456000,657676
2019-09-27,1569542400,623632
2019-09-28,1569628800,607857
2019-09-29,1569715200,591986
2019-09-30,1569801600,683924
2019-10-01,1569888000,645073
2019-10-02,1569974400,627137
2019-10-03,1570060800,615189
2019-10-04,1570147200,590197
2019-10-05,1570233600,595118
2019-10-06,1570320000,571769
2019-10-07,1570406400,629382
2019-10-08,1570492800,710373
2019-10-09,1570579200,751354
2019-10-10,1570665600,706127
2019-10-11,1570752000,702673
2019-10-12,1570838400,634450
2019-10-13,1570924800,566845
2019-10-14,1571011200,650601
2019-10-15,1571097600,690703
2019-10-16,1571184000,694589
2019-10-17,1571270400,703704
2019-10-18,1571356800,733646
2019-10-19,1571443200,665170
2019-10-20,1571529600,612341
2019-10-21,1571616000,678528
2019-10-22,1571702400,726230
2019-10-23,1571788800,736388
2019-10-24,1571875200,724917
2019-10-25,1571961600,741655
2019-10-26,1572048000,716822
2019-10-27,1572134400,642955
2019-10-28,1572220800,721335
2019-10-29,1572307200,707622
2019-10-30,1572393600,717618
2019-10-31,1572480000,744118
2019-11-01,1572566400,705019
2019-11-02,1572652800,590976
2019-11-03,1572739200,571113
2019-11-04,1572825600,670783
2019-11-05,1572912000,739254
2019-11-06,1572998400,707733
2019-11-07,1573084800,857371
2019-11-08,1573171200,699138
2019-11-09,1573257600,604007
2019-11-10,1573344000,609364
2019-11-11,1573430400,710155
2019-11-12,1573516800,708660
2019-11-13,1573603200,713551
2019-11-14,1573689600,679505
2019-11-15,1573776000,683049
2019-11-16,1573862400,596661
2019-11-17,1573948800,600168
2019-11-18,1574035200,734472
2019-11-19,1574121600,735532
2019-11-20,1574208000,689771
2019-11-21,1574294400,762896
2019-11-22,1574380800,794748
2019-11-23,1574467200,631670
2019-11-24,1574553600,596880
2019-11-25,1574640000,762888
2019-11-26,1574726400,679733
2019-11-27,1574812800,674957
2019-11-28,1574899200,623080
2019-11-29,1574985600,670568
2019-11-30,1575072000,584871
2019-12-01,1575158400,615069
2019-12-02,1575244800,681210
2019-12-03,1575331200,610528
2019-12-04,1575417600,661004
2019-12-05,1575504000,617647
2019-12-06,1575590400,573666
2019-12-07,1575676800,488124
2019-12-08,1575763200,440672
2019-12-09,1575849600,635462
2019-12-10,1575936000,631603
2019-12-11,1576022400,625349
2019-12-12,1576108800,635638
2019-12-13,1576195200,621511
2019-12-14,1576281600,551143
2019-12-15,1576368000,526996
2019-12-16,1576454400,634682
2019-12-17,1576540800,646999
2019-12-18,1576627200,663295
2019-12-19,1576713600,620140
2019-12-20,1576800000,614338
2019-12-21,1576886400,545378
2019-12-22,1576972800,529935
2019-12-23,1577059200,631635
2019-12-24,1577145600,602814
2019-12-25,1577232000,565093
2019-12-26,1577318400,586645
2019-12-27,1577404800,580029
2019-12-28,1577491200,516438
2019-12-29,1577577600,480131
2019-12-30,1577664000,584426
2019-12-31,1577750400,554215
2020-01-01,1577836800,466526
2020-01-02,1577923200,505639
2020-01-03,1578009600,581641
2020-01-04,1578096000,559074
2020-01-05,1578182400,524664
2020-01-06,1578268800,626525
2020-01-07,1578355200,646478
2020-01-08,1578441600,653831
2020-01-09,1578528000,621399
2020-01-10,1578614400,605095
2020-01-11,1578700800,549612
2020-01-12,1578787200,523951
2020-01-13,1578873600,565389
2020-01-14,1578960000,671748
2020-01-15,1579046400,698399
2020-01-16,1579132800,693649
2020-01-17,1579219200,676556
2020-01-18,1579305600,628211
2020-01-19,1579392000,615368
2020-01-20,1579478400,599266
2020-01-21,1579564800,558962
2020-01-22,1579651200,513767
2020-01-23,1579737600,552533
2020-01-24,1579824000,497135
2020-01-25,1579910400,435515
2020-01-26,1579996800,428839
2020-01-27,1580083200,476541
2020-01-28,1580169600,526284
2020-01-29,1580256000,551529
2020-01-30,1580342400,566052
2020-01-31,1580428800,583358
2020-02-01,1580515200,545761
2020-02-02,1580601600,530094
2020-02-03,1580688000,621191
2020-02-04,1580774400,524476
2020-02-05,1580860800,610780
2020-02-06,1580947200,606505
2020-02-07,1581033600,626252
2020-02-08,1581120000,661649
2020-02-09,1581206400,628631
2020-02-10,1581292800,668760
2020-02-11,1581379200,709280
2020-02-12,1581465600,798162
2020-02-13,1581552000,764763
2020-02-14,1581638400,771827
2020-02-15,1581724800,699151
2020-02-16,1581811200,661490
2020-02-17,1581897600,695366
2020-02-18,1581984000,733983
2020-02-19,1582070400,695837
2020-02-20,1582156800,689600
2020-02-21,1582243200,670542
2020-02-22,1582329600,605859
2020-02-23,1582416000,606290
2020-02-24,1582502400,687702
2020-02-25,1582588800,670257
2020-02-26,1582675200,704929
2020-02-27,1582761600,714482
2020-02-28,1582848000,688694
2020-02-29,1582934400,620465
2020-03-01,1583020800,628500
2020-03-02,1583107200,681477
2020-03-03,1583193600,661419
2020-03-04,1583280000,663966
2020-03-05,1583366400,720114
2020-03-06,1583452800,676799
2020-03-07,1583539200,630992
2020-03-08,1583625600,662565
2020-03-09,1583712000,784085
2020-03-10,1583798400,760588
2020-03-11,1583884800,713065
2020-03-12,1583971200,760781
2020-03-13,1584057600,847947
2020-03-14,1584144000,681830
2020-03-15,1584230400,657653
2020-03-16,1584316800,784094
2020-03-17,1584403200,763100
2020-03-18,1584489600,768437
2020-03-19,1584576000,864017
2020-03-20,1584662400,822158
2020-03-21,1584748800,857503
2020-03-22,1584835200,746195
2020-03-23,1584921600,801238
2020-03-24,1585008000,791900
2020-03-25,1585094400,765389
2020-03-26,1585180800,772649
2020-03-27,1585267200,748776
2020-03-28,1585353600,667726
2020-03-29,1585440000,607984
2020-03-30,1585526400,724004
2020-03-31,1585612800,731749
2020-04-01,1585699200,683007
2020-04-02,1585785600,720554
2020-04-03,1585872000,722688
2020-04-04,1585958400,625952
2020-04-05,1586044800,614001
2020-04-06,1586131200,771300
2020-04-07,1586217600,783472
2020-04-08,1586304000,830223
2020-04-09,1586390400,727502
2020-04-10,1586476800,745643
2020-04-11,1586563200,680523
2020-04-12,1586649600,678530
2020-04-13,1586736000,744306
2020-04-14,1586822400,813972
2020-04-15,1586908800,792152
2020-04-16,1586995200,790334
2020-04-17,1587081600,785639
2020-04-18,1587168000,783111
2020-04-19,1587254400,741675
2020-04-20,1587340800,828885
2020-04-21,1587427200,812963
2020-04-22,1587513600,790519
2020-04-23,1587600000,826397
2020-04-24,1587686400,846807
2020-04-25,1587772800,792299
2020-04-26,1587859200,801949
2020-04-27,1587945600,841193
2020-04-28,1588032000,838453
2020-04-29,1588118400,897881
2020-04-30,1588204800,899459
2020-05-01,1588291200,827138
2020-05-02,1588377600,765990
2020-05-03,1588464000,789689
2020-05-04,1588550400,774035
2020-05-05,1588636800,785518
2020-05-06,1588723200,833506
2020-05-07,1588809600,877129
2020-05-08,1588896000,887756
2020-05-09,1588982400,894382
2020-05-10,1589068800,879153
2020-05-11,1589155200,887554
2020-05-12,1589241600,880678
2020-05-13,1589328000,856962
2020-05-14,1589414400,820300
2020-05-15,1589500800,888691
2020-05-16,1589587200,875030
2020-05-17,1589673600,808464
2020-05-18,1589760000,857645
2020-05-19,1589846400,848038
2020-05-20,1589932800,855377
2020-05-21,1590019200,867704
2020-05-22,1590105600,916282
2020-05-23,1590192000,868425
2020-05-24,1590278400,825755
2020-05-25,1590364800,875607
2020-05-26,1590451200,916975
2020-05-27,1590537600,896217
2020-05-28,1590624000,907265
2020-05-29,1590710400,949269
2020-05-30,1590796800,881950
2020-05-31,1590883200,850103
2020-06-01,1590969600,929874
2020-06-02,1591056000,980902
2020-06-03,1591142400,898364
2020-06-04,1591228800,930407
2020-06-05,1591315200,901995
2020-06-06,1591401600,946196
2020-06-07,1591488000,943786
2020-06-08,1591574400,966206
2020-06-09,1591660800,923075
2020-06-10,1591747200,939890
2020-06-11,1591833600,925331
2020-06-12,1591920000,889318
2020-06-13,1592006400,833267
2020-06-14,1592092800,785017
2020-06-15,1592179200,912281
2020-06-16,1592265600,904928
2020-06-17,1592352000,879736
2020-06-18,1592438400,913845
2020-06-19,1592524800,945942
2020-06-20,1592611200,941415
2020-06-21,1592697600,987058
2020-06-22,1592784000,1092083
2020-06-23,1592870400,1119442
2020-06-24,1592956800,1070862
2020-06-25,1593043200,1041742
2020-06-26,1593129600,1017505
2020-06-27,1593216000,1017138
2020-06-28,1593302400,997731
2020-06-29,1593388800,1056189
2020-06-30,1593475200,1111318
2020-07-01,1593561600,1044438
2020-07-02,1593648000,1039119
2020-07-03,1593734400,1022098
2020-07-04,1593820800,946287
2020-07-05,1593907200,880075
2020-07-06,1593993600,1020012
2020-07-07,1594080000,1064506
2020-07-08,1594166400,1092210
2020-07-09,1594252800,1070343
2020-07-10,1594339200,1034806
2020-07-11,1594425600,982930
2020-07-12,1594512000,997960
2020-07-13,1594598400,1151834
2020-07-14,1594684800,1098661
2020-07-15,1594771200,1111360
2020-07-16,1594857600,1068620
2020-07-17,1594944000,1078101
2020-07-18,1595030400,1071509
2020-07-19,1595116800,1082448
2020-07-20,1595203200,1143700
2020-07-21,1595289600,1120095
2020-07-22,1595376000,1138040
2020-07-23,1595462400,1147143
2020-07-24,1595548800,1146282
2020-07-25,1595635200,1175506
2020-07-26,1595721600,1137893
2020-07-27,1595808000,1261456
2020-07-28,1595894400,1222353
2020-07-29,1595980800,1163851
2020-07-30,1596067200,1164479
2020-07-31,1596153600,1218838
2020-08-01,1596240000,1171566
2020-08-02,1596326400,1125886
2020-08-03,1596412800,1176793
2020-08-04,1596499200,1164208
2020-08-05,1596585600,1182699
2020-08-06,1596672000,1215885
2020-08-07,1596758400,1249695
2020-08-08,1596844800,1182406
2020-08-09,1596931200,1229151
2020-08-10,1597017600,1289980
2020-08-11,1597104000,1254244
2020-08-12,1597190400,1229214
2020-08-13,1597276800,1209139
2020-08-14,1597363200,1201546
2020-08-15,1597449600,1107833
2020-08-16,1597536000,1152369
2020-08-17,1597622400,1181976
2020-08-18,1597708800,1229256
2020-08-19,1597795200,1216891
2020-08-20,1597881600,1182994
2020-08-21,1597968000,1256752
2020-08-22,1598054400,1102479
2020-08-23,1598140800,1122524
2020-08-24,1598227200,1162182
2020-08-25,1598313600,1138199
2020-08-26,1598400000,1166218
2020-08-27,1598486400,1136576
2020-08-28,1598572800,1131912
2020-08-29,1598659200,1130992
2020-08-30,1598745600,1142415
2020-08-31,1598832000,1235856
2020-09-01,1598918400,1245701
2020-09-02,1599004800,1181212
2020-09-03,1599091200,1149636
2020-09-04,1599177600,1141207
2020-09-05,1599264000,1040906
2020-09-06,1599350400,1026667
2020-09-07,1599436800,1051480
2020-09-08,1599523200,1026700
2020-09-09,1599609600,1052603
2020-09-10,1599696000,1120964
2020-09-11,1599782400,1074413
2020-09-12,1599868800,1034584
2020-09-13,1599955200,1042047
2020-09-14,1600041600,1079688
2020-09-15,1600128000,1089837
2020-09-16,1600214400,1035013
2020-09-17,1600300800,1406016
2020-09-18,1600387200,1244808
2020-09-19,1600473600,1090001
2020-09-20,1600560000,1095309
2020-09-21,1600646400,1133662
2020-09-22,1600732800,1081497
2020-09-23,1600819200,1084100
2020-09-24,1600905600,1087537
2020-09-25,1600992000,1034790
2020-09-26,1601078400,984559
2020-09-27,1601164800,966479
2020-09-28,1601251200,1080187
2020-09-29,1601337600,1088234
2020-09-30,1601424000,1079040
2020-10-01,1601510400,1018741
2020-10-02,1601596800,1002138
2020-10-03,1601683200,956528
2020-10-04,1601769600,985452
2020-10-05,1601856000,1027690
2020-10-06,1601942400,1083502
2020-10-07,1602028800,1035384
2020-10-08,1602115200,1019446
2020-10-09,1602201600,1049571
2020-10-10,1602288000,1036351
2020-10-11,1602374400,1004701
2020-10-12,1602460800,1092162
2020-10-13,1602547200,1127396
2020-10-14,1602633600,1093927
2020-10-15,1602720000,1249576
2020-10-16,1602806400,1161135
2020-10-17,1602892800,1051772
2020-10-18,1602979200,995711
2020-10-19,1603065600,1128930
2020-10-20,1603152000,1105678
2020-10-21,1603238400,1159354
2020-10-22,1603324800,1189043
2020-10-23,1603411200,1132837
2020-10-24,1603497600,1012156
2020-10-25,1603584000,965206
2020-10-26,1603670400,1086139
2020-10-27,1603756800,1078466
2020-10-28,1603843200,1139608
2020-10-29,1603929600,1107849
2020-10-30,1604016000,1111013
2020-10-31,1604102400,1089587
2020-11-01,1604188800,1050753
2020-11-02,1604275200,1156870
2020-11-03,1604361600,1119359
2020-11-04,1604448000,1137324
2020-11-05,1604534400,1128431
2020-11-06,1604620800,1171971
2020-11-07,1604707200,1131722
2020-11-08,1604793600,1016465
2020-11-09,1604880000,1147695
2020-11-10,1604966400,1157455
2020-11-11,1605052800,1096582
2020-11-12,1605139200,1099253
2020-11-13,1605225600,1156377
2020-11-14,1605312000,1067063
2020-11-15,1605398400,1037428
2020-11-16,1605484800,1105512
2020-11-17,1605571200,1173012
2020-11-18,1605657600,1120798
2020-11-19,1605744000,1122748
2020-11-20,1605830400,1162871
2020-11-21,1605916800,1172183
2020-11-22,1606003200,1148006
2020-11-23,1606089600,1213632
2020-11-24,1606176000,1240072
2020-11-25,1606262400,1205924
2020-11-26,1606348800,1173330
2020-11-27,1606435200,1102889
2020-11-28,1606521600,992335
2020-11-29,1606608000,993930
2020-11-30,1606694400,1183915
2020-12-01,1606780800,1172361
2020-12-02,1606867200,1071389
2020-12-03,1606953600,1114178
2020-12-04,1607040000,1134337
2020-12-05,1607126400,1055722
2020-12-06,1607212800,1034515
2020-12-07,1607299200,1102501
2020-12-08,1607385600,1149816
2020-12-09,1607472000,1150822
2020-12-10,1607558400,1092429
2020-12-11,1607644800,1122160
2020-12-12,1607731200,1092064
2020-12-13,1607817600,1142703
2020-12-14,1607904000,1241593
2020-12-15,1607990400,1215285
2020-12-16,1608076800,1261767
2020-12-17,1608163200,1342281
2020-12-18,1608249600,1193950
2020-12-19,1608336000,1162872
2020-12-20,1608422400,1074305
2020-12-21,1608508800,1146949
2020-12-22,1608595200,1147101
2020-12-23,1608681600,1254308
2020-12-24,1608768000,1142743
2020-12-25,1608854400,1140417
2020-12-26,1608940800,1139562
2020-12-27,1609027200,1177372
2020-12-28,1609113600,1256783
2020-12-29,1609200000,1206703
2020-12-30,1609286400,1227653
2020-12-31,1609372800,1163876
2021-01-01,1609459200,1136712
2021-01-02,1609545600,1170839
2021-01-03,1609632000,1234419
2021-01-04,1609718400,1275169
2021-01-05,1609804800,1258441
2021-01-06,1609891200,1280434
2021-01-07,1609977600,1298568
2021-01-08,1610064000,1288953
2021-01-09,1610150400,1231759
2021-01-10,1610236800,1210603
2021-01-11,1610323200,1280285
2021-01-12,1610409600,1165508
2021-01-13,1610496000,1126532
2021-01-14,1610582400,1184604
2021-01-15,1610668800,1227187
2021-01-16,1610755200,1193339
2021-01-17,1610841600,1133096
2021-01-18,1610928000,1217953
2021-01-19,1611014400,1252236
2021-01-20,1611100800,1213930
2021-01-21,1611187200,1178190
2021-01-22,1611273600,1182794
2021-01-23,1611360000,1140666
2021-01-24,1611446400,1117744
2021-01-25,1611532800,1207263
2021-01-26,1611619200,1194595
2021-01-27,1611705600,1140980
2021-01-28,1611792000,1190834
2021-01-29,1611878400,1293963
2021-01-30,1611964800,1218241
2021-01-31,1612051200,1244924
2021-02-01,1612137600,1300451
2021-02-02,1612224000,1302891
2021-02-03,1612310400,1314906
2021-02-04,1612396800,1309863
2021-02-05,1612483200,1316904
2021-02-06,1612569600,1227828
2021-02-07,1612656000,1230638
2021-02-08,1612742400,1275739
2021-02-09,1612828800,1327544
2021-02-10,1612915200,1320357
2021-02-11,1613001600,1270521
2021-02-12,1613088000,1290300
2021-02-13,1613174400,1252364
2021-02-14,1613260800,1206665
2021-02-15,1613347200,1210500
2021-02-16,1613433600,1217916
2021-02-17,1613520000,1258503
2021-02-18,1613606400,1298425
2021-02-19,1613692800,1323618
2021-02-20,1613779200,1337507
2021-02-21,1613865600,1233518
2021-02-22,1613952000,1312178
2021-02-23,1614038400,1302882
2021-02-24,1614124800,1285208
2021-02-25,1614211200,1232758
2021-02-26,1614297600,1236241
2021-02-27,1614384000,1202432
2021-02-28,1614470400,1179859
2021-03-01,1614556800,1185925
2021-03-02,1614643200,1240182
2021-03-03,1614729600,1235048
2021-03-04,1614816000,1234903
2021-03-05,1614902400,1208640
2021-03-06,1614988800,1160519
2021-03-07,1615075200,1180104
2021-03-08,1615161600,1216417
2021-03-09,1615248000,1275347
2021-03-10,1615334400,1256065
2021-03-11,1615420800,1284767
2021-03-12,1615507200,1325679
2021-03-13,1615593600,1293352
2021-03-14,1615680000,1277890
2021-03-15,1615766400,1321388
2021-03-16,1615852800,1308992
2021-03-17,1615939200,1272298
2021-03-18,1616025600,1299760
2021-03-19,1616112000,1291231
2021-03-20,1616198400,1262309
2021-03-21,1616284800,1206064
2021-03-22,1616371200,1307460
2021-03-23,1616457600,1298959
2021-03-24,1616544000,1309468
2021-03-25,1616630400,1349663
2021-03-26,1616716800,1265836
2021-03-27,1616803200,1230764
2021-03-28,1616889600,1211918
2021-03-29,1616976000,1269901
2021-03-30,1617062400,1300973
2021-03-31,1617148800,1354603
2021-04-01,1617235200,1368006
2021-04-02,1617321600,1358619
2021-04-03,1617408000,1293333
2021-04-04,1617494400,1197875
2021-04-05,1617580800,1296946
2021-04-06,1617667200,1335799
2021-04-07,1617753600,1293255
2021-04-08,1617840000,1284449
2021-04-09,1617926400,1300882
2021-04-10,1618012800,1315016
2021-04-11,1618099200,1256904
2021-04-12,1618185600,1347983
2021-04-13,1618272000,1350467
2021-04-14,1618358400,1386341
2021-04-15,1618444800,1197340
2021-04-16,1618531200,1426977
2021-04-17,1618617600,1453000
2021-04-18,1618704000,1396766
2021-04-19,1618790400,1476842
2021-04-20,1618876800,1555560
2021-04-21,1618963200,1565355
2021-04-22,1619049600,1577266
2021-04-23,1619136000,1537100
2021-04-24,1619222400,1389103
2021-04-25,1619308800,1389350
2021-04-26,1619395200,1448466
2021-04-27,1619481600,1448293
2021-04-28,1619568000,1517604
2021-04-29,1619654400,1530717
2021-04-30,1619740800,1441230
2021-05-01,1619827200,1427568
2021-05-02,1619913600,1417458
2021-05-03,1620000000,1488804
2021-05-04,1620086400,1536119
2021-05-05,1620172800,1518877
2021-05-06,1620259200,1532197
2021-05-07,1620345600,1527890
2021-05-08,1620432000,1710882
2021-05-09,1620518400,1716600
2021-05-10,1620604800,1716489
2021-05-11,1620691200,1716051
2021-05-12,1620777600,1624077
2021-05-13,1620864000,1588560
2021-05-14,1620950400,1531689
2021-05-15,1621036800,1472680
2021-05-16,1621123200,1425115
2021-05-17,1621209600,1446627
2021-05-18,1621296000,1425053
2021-05-19,1621382400,1461174
2021-05-20,1621468800,1459146
2021-05-21,1621555200,1367394
2021-05-22,1621641600,1283663
2021-05-23,1621728000,1264253
2021-05-24,1621814400,1312739
2021-05-25,1621900800,1289446
2021-05-26,1621987200,1326432
2021-05-27,1622073600,1291385
2021-05-28,1622160000,1305078
2021-05-29,1622246400,1293425
2021-05-30,1622332800,1280282
2021-05-31,1622419200,1297889
2021-06-01,1622505600,1274354
2021-06-02,1622592000,1314178
2021-06-03,1622678400,1337711
2021-06-04,1622764800,1301803
2021-06-05,1622851200,1176676
2021-06-06,1622937600,1134526
2021-06-07,1623024000,1225549
2021-06-08,1623110400,1221063
2021-06-09,1623196800,1194275
2021-06-10,1623283200,1188556
2021-06-11,1623369600,1183286
2021-06-12,1623456000,1131777
2021-06-13,1623542400,1124736
2021-06-14,1623628800,1188556
2021-06-15,1623715200,1224101
2021-06-16,1623801600,1201109
2021-06-17,1623888000,1218956
2021-06-18,1623974400,1170182
2021-06-19,1624060800,1050189
2021-06-20,1624147200,1057288
2021-06-21,1624233600,1209567
2021-06-22,1624320000,1297644
2021-06-23,1624406400,1201974
2021-06-24,1624492800,1207012
2021-06-25,1624579200,1227331
2021-06-26,1624665600,1150460
2021-06-27,1624752000,1104703
2021-06-28,1624838400,1404100
2021-06-29,1624924800,1264320
2021-06-30,1625011200,1212214
2021-07-01,1625097600,1211710
2021-07-02,1625184000,1181574
2021-07-03,1625270400,1122543
2021-07-04,1625356800,1105343
2021-07-05,1625443200,1147895
2021-07-06,1625529600,1355421
2021-07-07,1625616000,1290979
2021-07-08,1625702400,1262627
2021-07-09,1625788800,1223691
2021-07-10,1625875200,1139265
2021-07-11,1625961600,1101766
2021-07-12,1626048000,1191465
2021-07-13,1626134400,1183412
2021-07-14,1626220800,1223130
2021-07-15,1626307200,1259972
2021-07-16,1626393600,1199018
2021-07-17,1626480000,1164624
2021-07-18,1626566400,1168843
2021-07-19,1626652800,1195218
2021-07-20,1626739200,1192750
2021-07-21,1626825600,1195171
2021-07-22,1626912000,1202844
2021-07-23,1626998400,1203397
2021-07-24,1627084800,1225509
2021-07-25,1627171200,1128848
2021-07-26,1627257600,1260619
2021-07-27,1627344000,1318124
2021-07-28,1627430400,1300283
2021-07-29,1627516800,1259128
2021-07-30,1627603200,1242337
2021-07-31,1627689600,1212322
2021-08-01,1627776000,1190618
2021-08-02,1627862400,1269470
2021-08-03,1627948800,1219663
2021-08-04,1628035200,1223841
2021-08-05,1628121600,1159663
2021-08-06,1628208000,1212021
2021-08-07,1628294400,1198433
2021-08-08,1628380800,1184278
2021-08-09,1628467200,1218594
2021-08-10,1628553600,1212289
2021-08-11,1628640000,1234409
2021-08-12,1628726400,1195283
2021-08-13,1628812800,1197050
2021-08-14,1628899200,1159942
2021-08-15,1628985600,1125295
2021-08-16,1629072000,1253968
2021-08-17,1629158400,1252163
2021-08-18,1629244800,1201544
2021-08-19,1629331200,1255453
2021-08-20,1629417600,1260054
2021-08-21,1629504000,1186758
2021-08-22,1629590400,1183893
2021-08-23,1629676800,1245624
2021-08-24,1629763200,1247051
2021-08-25,1629849600,1184780
2021-08-26,1629936000,1175063
2021-08-27,1630022400,1119072
2021-08-28,1630108800,1131721
2021-08-29,1630195200,1147150
2021-08-30,1630281600,1198993
2021-08-31,1630368000,1206314
2021-09-01,1630454400,1225104
2021-09-02,1630540800,1261258
2021-09-03,1630627200,1198777
2021-09-04,1630713600,1189085
2021-09-05,1630800000,1136467
2021-09-06,1630886400,1206493
2021-09-07,1630972800,1308071
2021-09-08,1631059200,1178449
2021-09-09,1631145600,1219850
2021-09-10,1631232000,1244706
2021-09-11,1631318400,1249438
2021-09-12,1631404800,1211328
2021-09-13,1631491200,1267491
2021-09-14,1631577600,1231240
2021-09-15,1631664000,1207590
2021-09-16,1631750400,1224358
2021-09-17,1631836800,1187578
2021-09-18,1631923200,1143178
2021-09-19,1632009600,1128226
2021-09-20,1632096000,1174559
2021-09-21,1632182400,1193295
2021-09-22,1632268800,1174030
2021-09-23,1632355200,1193053
2021-09-24,1632441600,1152685
2021-09-25,1632528000,1121078
2021-09-26,1632614400,1088537
2021-09-27,1632700800,1133903
2021-09-28,1632787200,1108122
2021-09-29,1632873600,1135869
2021-09-30,1632960000,1116157
2021-10-01,1633046400,1207263
2021-10-02,1633132800,1117899
2021-10-03,1633219200,1130224
2021-10-04,1633305600,1121513
2021-10-05,1633392000,1235674
2021-10-06,1633478400,1337833
2021-10-07,1633564800,1344295
2021-10-08,1633651200,1287034
2021-10-09,1633737600,1191856
2021-10-10,1633824000,1137901
2021-10-11,1633910400,1183486
2021-10-12,1633996800,1203566
2021-10-13,1634083200,1189854
2021-10-14,1634169600,1227097
2021-10-15,1634256000,1302993
2021-10-16,1634342400,1181031
2021-10-17,1634428800,1144184
2021-10-18,1634515200,1197673
2021-10-19,1634601600,1243503
2021-10-20,1634688000,1259885
2021-10-21,1634774400,1277275
2021-10-22,1634860800,1256044
2021-10-23,1634947200,1235169
2021-10-24,1635033600,1261312
2021-10-25,1635120000,1299495
2021-10-26,1635206400,1344772
2021-10-27,1635292800,1370504
2021-10-28,1635379200,1510502
2021-10-29,1635465600,1456333
2021-10-30,1635552000,1379095
2021-10-31,1635638400,1304184
2021-11-01,1635724800,1341733
2021-11-02,1635811200,1395656
2021-11-03,1635897600,1417221
2021-11-04,1635984000,1352186
2021-11-05,1636070400,1339661
2021-11-06,1636156800,1255921
2021-11-07,1636243200,1276998
2021-11-08,1636329600,1329018
2021-11-09,1636416000,1334145
2021-11-10,1636502400,1390746
2021-11-11,1636588800,1347643
2021-11-12,1636675200,1345131
2021-11-13,1636761600,1300464
2021-11-14,1636848000,1275744
2021-11-15,1636934400,1289636
2021-11-16,1637020800,1310153
2021-11-17,1637107200,1353219
2021-11-18,1637193600,1284250
2021-11-19,1637280000,1255788
2021-11-20,1637366400,1160128
2021-11-21,1637452800,1260939
2021-11-22,1637539200,1221508
2021-11-23,1637625600,1264994
2021-11-24,1637712000,1342491
2021-11-25,1637798400,1301578
2021-11-26,1637884800,1297524
2021-11-27,1637971200,1213284
2021-11-28,1638057600,1135653
2021-11-29,1638144000,1247688
2021-11-30,1638230400,1280926
2021-12-01,1638316800,1221643
2021-12-02,1638403200,1265286
2021-12-03,1638489600,1211488
2021-12-04,1638576000,1235697
2021-12-05,1638662400,1386491
2021-12-06,1638748800,1244773
2021-12-07,1638835200,1224771
2021-12-08,1638921600,1296307
2021-12-09,1639008000,1251338
2021-12-10,1639094400,1237735
2021-12-11,1639180800,1199384
2021-12-12,1639267200,1181898
2021-12-13,1639353600,1242978
2021-12-14,1639440000,1214900
2021-12-15,1639526400,1258462
2021-12-16,1639612800,1155456
2021-12-17,1639699200,1270355
2021-12-18,1639785600,1159873
2021-12-19,1639872000,1137581
2021-12-20,1639958400,1201239
2021-12-21,1640044800,1203638
2021-12-22,1640131200,1233315
2021-12-23,1640217600,1245242
2021-12-24,1640304000,1298329
2021-12-25,1640390400,1299519
2021-12-26,1640476800,1206942
2021-12-27,1640563200,1252037
2021-12-28,1640649600,1241032
2021-12-29,1640736000,1252468
2021-12-30,1640822400,1255688
2021-12-31,1640908800,1214585
2022-01-01,1640995200,1180989
2022-01-02,1641081600,1158900
2022-01-03,1641168000,1209173
2022-01-04,1641254400,1221316
2022-01-05,1641340800,1249628
2022-01-06,1641427200,1212495
2022-01-07,1641513600,1188490
2022-01-08,1641600000,1183873
2022-01-09,1641686400,1108322
2022-01-10,1641772800,1233195
2022-01-11,1641859200,1277649
2022-01-12,1641945600,1283346
2022-01-13,1642032000,1282921
2022-01-14,1642118400,1218460
2022-01-15,1642204800,1174849
2022-01-16,1642291200,1162954
2022-01-17,1642377600,1198719
2022-01-18,1642464000,1169526
2022-01-19,1642550400,1223143
2022-01-20,1642636800,1190018
2022-01-21,1642723200,1189898
2022-01-22,1642809600,1204920
2022-01-23,1642896000,1077884
2022-01-24,1642982400,1147109
2022-01-25,1643068800,1177640
2022-01-26,1643155200,1146116
2022-01-27,1643241600,1133684
2022-01-28,1643328000,1137559
2022-01-29,1643414400,1147157
2022-01-30,1643500800,1183850
2022-01-31,1643587200,1177345
2022-02-01,1643673600,1173199
2022-02-02,1643760000,1152665
2022-02-03,1643846400,1111215
2022-02-04,1643932800,1168994
2022-02-05,1644019200,1235023
2022-02-06,1644105600,1173884
2022-02-07,1644192000,1163338
2022-02-08,1644278400,1180780
2022-02-09,1644364800,1205889
2022-02-10,1644451200,1205676
2022-02-11,1644537600,1183966
2022-02-12,1644624000,1114648
2022-02-13,1644710400,1115296
2022-02-14,1644796800,1147522
2022-02-15,1644883200,1192633
2022-02-16,1644969600,1194693
2022-02-17,1645056000,1141997
2022-02-18,1645142400,1252754
2022-02-19,1645228800,1150162
2022-02-20,1645315200,1343869
2022-02-21,1645401600,1134349
2022-02-22,1645488000,1129213
2022-02-23,1645574400,1147632
2022-02-24,1645660800,1181182
2022-02-25,1645747200,1137898
2022-02-26,1645833600,1167802
2022-02-27,1645920000,1125065
2022-02-28,1646006400,1108112
2022-03-01,1646092800,1161564
2022-03-02,1646179200,1191369
2022-03-03,1646265600,1167187
2022-03-04,1646352000,1167450
2022-03-05,1646438400,1077981
2022-03-06,1646524800,1123245
2022-03-07,1646611200,1174568
2022-03-08,1646697600,1195626
2022-03-09,1646784000,1178322
2022-03-10,1646870400,1229591
2022-03-11,1646956800,1119334
2022-03-12,1647043200,1120627
2022-03-13,1647129600,1041827
2022-03-14,1647216000,1097913
2022-03-15,1647302400,1190207
2022-03-16,1647388800,1236011
2022-03-17,1647475200,1174532
2022-03-18,1647561600,1265944
2022-03-19,1647648000,1127607
2022-03-20,1647734400,1119066
2022-03-21,1647820800,1162829
2022-03-22,1647907200,1220571
2022-03-23,1647993600,1164437
2022-03-24,1648080000,1151969
2022-03-25,1648166400,1146814
2022-03-26,1648252800,1123878
2022-03-27,1648339200,1122675
2022-03-28,1648425600,1218023
2022-03-29,1648512000,1199899
2022-03-30,1648598400,1152200
2022-03-31,1648684800,1167121
2022-04-01,1648771200,1159493
2022-04-02,1648857600,1094668
2022-04-03,1648944000,1060779
2022-04-04,1649030400,1105170
2022-04-05,1649116800,1087129
2022-04-06,1649203200,1127174
2022-04-07,1649289600,1127793
2022-04-08,1649376000,1104419
2022-04-09,1649462400,1085399
2022-04-10,1649548800,1104239
2022-04-11,1649635200,1113264
2022-04-12,1649721600,1112524
2022-04-13,1649808000,1067983
2022-04-14,1649894400,1117285
2022-04-15,1649980800,1110994
2022-04-16,1650067200,1059286
2022-04-17,1650153600,1043251
2022-04-18,1650240000,1103439
2022-04-19,1650326400,1214496
2022-04-20,1650412800,1241534
2022-04-21,1650499200,1119925
2022-04-22,1650585600,1144822
2022-04-23,1650672000,1051478
2022-04-24,1650758400,1071778
2022-04-25,1650844800,1149227
2022-04-26,1650931200,1125250
2022-04-27,1651017600,1161504
2022-04-28,1651104000,1155514
2022-04-29,1651190400,1168081
2022-04-30,1651276800,1211671
2022-05-01,1651363200,1154787
2022-05-02,1651449600,1112065
2022-05-03,1651536000,1077506
2022-05-04,1651622400,1102254
2022-05-05,1651708800,1187804
2022-05-06,1651795200,1116562
2022-05-07,1651881600,1051489
2022-05-08,1651968000,1087198
2022-05-09,1652054400,1158340
2022-05-10,1652140800,1202934
2022-05-11,1652227200,1210708
2022-05-12,1652313600,1327755
2022-05-13,1652400000,1342405
2022-05-14,1652486400,1139785
2022-05-15,1652572800,1089441
2022-05-16,1652659200,1124352
2022-05-17,1652745600,1135718
2022-05-18,1652832000,1177913
2022-05-19,1652918400,1093367
2022-05-20,1653004800,1112811
2022-05-21,1653091200,1094539
2022-05-22,1653177600,1055644
2022-05-23,1653264000,1085863
2022-05-24,1653350400,1100715
2022-05-25,1653436800,1094639
2022-05-26,1653523200,1071180
2022-05-27,1653609600,1093469
2022-05-28,1653696000,1069802
2022-05-29,1653782400,1065407
2022-05-30,1653868800,1070320
2022-05-31,1653955200,1149142
2022-06-01,1654041600,1091260
2022-06-02,1654128000,1092776
2022-06-03,1654214400,1067485
2022-06-04,1654300800,1029121
2022-06-05,1654387200,1007109
2022-06-06,1654473600,1044319
2022-06-07,1654560000,1050984
2022-06-08,1654646400,1042749
2022-06-09,1654732800,1022462
2022-06-10,1654819200,1079448
2022-06-11,1654905600,1031618
2022-06-12,1654992000,1021635
2022-06-13,1655078400,1109435
2022-06-14,1655164800,1086757
2022-06-15,1655251200,1097000
2022-06-16,1655337600,1100312
2022-06-17,1655424000,1110579
2022-06-18,1655510400,1058336
2022-06-19,1655596800,1018674
2022-06-20,1655683200,1042748
2022-06-21,1655769600,1012862
2022-06-22,1655856000,988683
2022-06-23,1655942400,967965
2022-06-24,1656028800,1019472
2022-06-25,1656115200,939290
2022-06-26,1656201600,919721
2022-06-27,1656288000,994102
2022-06-28,1656374400,976577
2022-06-29,1656460800,1005558
2022-06-30,1656547200,1054433
2022-07-01,1656633600,1178620
2022-07-02,1656720000,1189382
2022-07-03,1656806400,1157052
2022-07-04,1656892800,1151999
2022-07-05,1656979200,1182504
2022-07-06,1657065600,1161432
2022-07-07,1657152000,1194330
2022-07-08,1657238400,1192819
2022-07-09,1657324800,1170747
2022-07-10,1657411200,1148695
2022-07-11,1657497600,1146369
2022-07-12,1657584000,1135896
2022-07-13,1657670400,1174882
2022-07-14,1657756800,1189567
2022-07-15,1657843200,1217596
2022-07-16,1657929600,1241502
2022-07-17,1658016000,1245545
2022-07-18,1658102400,1213565
2022-07-19,1658188800,1175526
2022-07-20,1658275200,1191452
2022-07-21,1658361600,1204397
2022-07-22,1658448000,1201699
2022-07-23,1658534400,1144468
2022-07-24,1658620800,1122303
2022-07-25,1658707200,1275861
2022-07-26,1658793600,1679068
2022-07-27,1658880000,1197448
2022-07-28,1658966400,1158182
2022-07-29,1659052800,1192330
2022-07-30,1659139200,1179749
2022-07-31,1659225600,1158621
2022-08-01,1659312000,1342202
2022-08-02,1659398400,1206185
2022-08-03,1659484800,1250888
2022-08-04,1659571200,1458612
2022-08-05,1659657600,1207188
2022-08-06,1659744000,1148225
2022-08-07,1659830400,1166932
2022-08-08,1659916800,1167115
2022-08-09,1660003200,1125139
2022-08-10,1660089600,1160380
2022-08-11,1660176000,1098707
2022-08-12,1660262400,1130848
2022-08-13,1660348800,1106236
2022-08-14,1660435200,1102367
2022-08-15,1660521600,1104408
2022-08-16,1660608000,1086312
2022-08-17,1660694400,1099261
2022-08-18,1660780800,1117868
2022-08-19,1660867200,1093309
2022-08-20,1660953600,1096088
2022-08-21,1661040000,1077250
2022-08-22,1661126400,1059940
2022-08-23,1661212800,1075718
2022-08-24,1661299200,1043820
2022-08-25,1661385600,1074563
2022-08-26,1661472000,1057768
2022-08-27,1661558400,1047949
2022-08-28,1661644800,1025044
2022-08-29,1661731200,1083202
2022-08-30,1661817600,1051964
2022-08-31,1661904000,1035135
2022-09-01,1661990400,1085160
2022-09-02,1662076800,1083220
2022-09-03,1662163200,1035586
2022-09-04,1662249600,1113119
2022-09-05,1662336000,1091350
2022-09-06,1662422400,1076929
2022-09-07,1662508800,1068296
2022-09-08,1662595200,1078689
2022-09-09,1662681600,1093966
2022-09-10,1662768000,998158
2022-09-11,1662854400,1024482
2022-09-12,1662940800,1068969
2022-09-13,1663027200,1093205
2022-09-14,1663113600,1109172
2022-09-15,1663200000,1265640
2022-09-16,1663286400,1311849
2022-09-17,1663372800,1322077
2022-09-18,1663459200,1156893
2022-09-19,1663545600,1138210
2022-09-20,1663632000,1149031
2022-09-21,1663718400,1100130
2022-09-22,1663804800,1118297
2022-09-23,1663891200,1119895
2022-09-24,1663977600,1109206
2022-09-25,1664064000,1107217
2022-09-26,1664150400,1141218
2022-09-27,1664236800,1214294
2022-09-28,1664323200,1109706
2022-09-29,1664409600,1129558
2022-09-30,1664496000,1225886
2022-10-01,1664582400,1158038
2022-10-02,1664668800,1163876
2022-10-03,1664755200,1307142
2022-10-04,1664841600,1185269
2022-10-05,1664928000,1169356
2022-10-06,1665014400,1202667
2022-10-07,1665100800,1180358
2022-10-08,1665187200,1180084
2022-10-09,1665273600,1068531
2022-10-10,1665360000,1123390
2022-10-11,1665446400,1130309
2022-10-12,1665532800,1074204
2022-10-13,1665619200,1124129
2022-10-14,1665705600,1071895
2022-10-15,1665792000,1037870
2022-10-16,1665878400,980678
2022-10-17,1665964800,1073063
2022-10-18,1666051200,1062562
2022-10-19,1666137600,1088602
2022-10-20,1666224000,1155589
2022-10-21,1666310400,1116822
2022-10-22,1666396800,959417
2022-10-23,1666483200,1009771
2022-10-24,1666569600,1039240
2022-10-25,1666656000,1048003
2022-10-26,1666742400,1104723
2022-10-27,1666828800,1111785
2022-10-28,1666915200,1059633
2022-10-29,1667001600,1038800
2022-10-30,1667088000,1033475
2022-10-31,1667174400,1063248
2022-11-01,1667260800,1071986
2022-11-02,1667347200,1015945
2022-11-03,1667433600,1093977
2022-11-04,1667520000,1014135
2022-11-05,1667606400,952067
2022-11-06,1667692800,962845
2022-11-07,1667779200,1106711
2022-11-08,1667865600,1132048
2022-11-09,1667952000,1219648
2022-11-10,1668038400,1184632
2022-11-11,1668124800,1118967
2022-11-12,1668211200,1033438
2022-11-13,1668297600,1133442
2022-11-14,1668384000,1192824
2022-11-15,1668470400,1136911
2022-11-16,1668556800,1083796
2022-11-17,1668643200,1103401
2022-11-18,1668729600,1008485
2022-11-19,1668816000,911890
2022-11-20,1668902400,927233
2022-11-21,1668988800,963954
2022-11-22,1669075200,962924
